<?xml version="1.0" encoding="UTF-8"?>
<project-private xmlns="http://www.netbeans.org/ns/project-private/1">
    <editor-bookmarks xmlns="http://www.netbeans.org/ns/editor-bookmarks/2" lastBookmarkId="0"/>
    <open-files xmlns="http://www.netbeans.org/ns/projectui-open-files/2">
        <group>
            <file>file:/C:/Users/RC_Student_lab/OneDrive%20-%20ADvTECH%20Ltd/Documents/NetBeansProjects/POE_Part3/src/POE_PART3/Login.java</file>
            <file>file:/C:/Users/RC_Student_lab/OneDrive%20-%20ADvTECH%20Ltd/Documents/NetBeansProjects/POE_Part3/test/POE_PART3/DeveloperTest.java</file>
            <file>file:/C:/Users/RC_Student_lab/OneDrive%20-%20ADvTECH%20Ltd/Documents/NetBeansProjects/POE_Part3/src/POE_PART3/Account.java</file>
            <file>file:/C:/Users/RC_Student_lab/OneDrive%20-%20ADvTECH%20Ltd/Documents/NetBeansProjects/POE_Part3/test/POE_PART3/LoginTest.java</file>
            <file>file:/C:/Users/RC_Student_lab/OneDrive%20-%20ADvTECH%20Ltd/Documents/NetBeansProjects/POE_Part3/src/POE_PART3/Developer.java</file>
            <file>file:/C:/Users/RC_Student_lab/OneDrive%20-%20ADvTECH%20Ltd/Documents/NetBeansProjects/POE_Part3/src/POE_PART3/Task.java</file>
            <file>file:/C:/Users/RC_Student_lab/OneDrive%20-%20ADvTECH%20Ltd/Documents/NetBeansProjects/POE_Part3/test/POE_PART3/AccountTest.java</file>
        </group>
    </open-files>
</project-private>
